target variable;mapping;Question;Question;Note;InterVA4
id;as.integer(record);;;;0
elder;true_to_y(ageInYears > 65 || age_adult > 65);Was (s)he aged 65 years or over at death?;;;1010
midage;true_to_y((ageInYears >=50 && ageInYears <= 64) || (age_group ==  'adult' && age_adult >= 50 && age_adult <= 64));Was (s)he aged 50 to 64 years at death?;;;1020
adult;true_to_y((ageInYears >=15 && ageInYears <= 49) || (age_group ==  'adult' && age_adult >= 15 && age_adult <= 49));Was (s)he aged 15-49 years at death?;;;1030
child;true_to_y((ageInYears >= 5 && ageInYears <=14) || (age_group ==  'child' && age_child_unit == 'days' && age_child_days >= 5*365.25 && age_child_days <= 11*365.25) || (age_group ==  'child' && age_child_unit == 'months' && age_child_months >= 5*12 && age_child_months <= 11*12) || (age_group ==  'child' && age_child_unit == 'years' && age_child_years >= 5 && age_child_years <= 11) || (age_group ==  'adult' && age_adult > 11 && age_adult <= 14));Was (s)he aged 5 to 14 years at death?;;;1040
under5;true_to_y((ageInYears >= 1 && ageInYears <=4) || (age_group ==  'child' && age_child_unit == 'days' && age_child_days >= 1*365.25 && age_child_days <= 4*365.25) || (age_group ==  'child' && age_child_unit == 'months' && age_child_months >= 1*12 && age_child_months <= 4*12) || (age_group ==  'child' && age_child_unit == 'years' && age_child_years >= 1 && age_child_years <= 4));Was (s)he aged 1 to 4 years at death?;;;1050
infant;true_to_y((ageInDays >= 30.4 && ageInDays <= 12*30.4) || (age_group ==  'child' && age_child_unit == 'days' && age_child_days >= 30.4 && age_child_days <= 12*30.4) || (age_group ==  'child' && age_child_unit == 'months' && age_child_months >= 1 && age_child_months <= 12) || (age_group ==  'child' && age_child_unit == 'years' && age_child_years == 1));Was (s)he aged 1 to 11 months at death?;;;1060
neonate;true_to_y(((ageInDays >= 0 && ageInDays <= 28)) || (age_group ==  'neonate' && age_neonate_days <= 28));Was (s)he aged 28 days or less at death?;;;1070
male;true_to_y(id1A110 == 'male');Was the deceased male?;What was the sex of the deceased?;;1080
female;true_to_y(id1A110 == 'female');Was the deceased female?;What was the sex of the deceased?;;1090
magegp1;true_to_y(id1A110 == 'female' && ((ageInYears >=12 && ageInYears <= 19) || (age_group ==  'adult' && age_adult >= 12 && age_adult <= 19)));Was this a woman aged 12 to 19 years at death?;What was the sex of the deceased?;;1100
magegp2;true_to_y(id1A110 == 'female' && ((ageInYears >=20 && ageInYears <= 34) || (age_group ==  'adult' && age_adult >= 20 && age_adult <= 34)));Was this a woman aged 20-34 years at death?;What was the sex of the deceased?;;1110
magegp3;true_to_y(id1A110 == 'female' && ((ageInYears >=35 && ageInYears <= 49) || (age_group ==  'adult' && age_adult >= 35 && age_adult <= 49)));Was this a woman aged 35-49 years at death?;What was the sex of the deceased?;;1120
died_d1;true_to_y((ageInDays <= 1 && ageInDays >= 0) || (age_group == 'neonate' && (age_neonate_days <= 1 || age_neonate_days <= 1 || age_neonate_minutes <= 24*60)));Did the baby die within 24 hours of birth?;;;1130
died_d23;true_to_y((ageInDays > 0 && ageInDays < 2) || (age_group  == 'neonate' && ((age_neonate_days > 0 && age_neonate_days < 2) || (age_neonate_hours > 24 && age_neonate_hours < 48) || (age_neonate_minutes > 24*60 && age_neonate_minutes < 2*24*60)) ));Did the baby die more than 24 hours after birth but within 48 hours from birth?;;;1140
died_d36;true_to_y((ageInDays > 1 && ageInDays <= 7) || (age_group == 'neonate' && ( (age_neonate_days > 2 && age_neonate_days <= 7) || (age_neonate_hours > 48 && age_neonate_hours < 7*24) || (age_neonate_minutes > 2*24*60 && age_neonate_minutes < 7*24*60))));Did baby die more than 48 hours from birth but within the first week of life?;;;1150
died_w1;true_to_y((ageInDays > 7 && ageInDays <= 28) || (age_group == 'neonate' && ( (age_neonate_days > 7 && age_neonate_days <= 28) || (age_neonate_hours > 7*24 && age_neonate_hours < 28*24) || (age_neonate_minutes > 7*24*60 && age_neonate_minutes < 28*24*60) )));Did baby die after first week, but within first 28 days?;;;1160
acute;true_to_y(id3A300 >= 0 && id3A300 < 7*3);Was (s)he ill for less than 3 weeks before death?;For how many days was (s)he ill before (s)he died?;Unit in days;1170
chronic;true_to_y(id3A300 >= 7*3);Was (s)he ill for 3 weeks or more before death?;For how many days was (s)he ill before (s)he died?;Unit in days;1180
sudden;true_to_y(id3A310 == 'yes');Did (s)he die suddenly?;Did (s)he die suddenly?;;1190
wet_seas;true_to_y(id3A280 == 'wet');Did (s)he die during the wet season?;During which season did (s)he die?;;1200
dry_seas;true_to_y(id3A280 == 'dry');Did (s)he die during the dry season?;During which season did (s)he die?;;1210
heart_dis;true_to_y(id3A160 == 'yes');Was there any diagnosis of Heart disease;Was there any diagnosis by a physician or health worker of heart disease?;;1220
tuber;true_to_y(id3A100 == 'yes');Was there any diagnosis of Tuberculosis;Was there any diagnosis by a physician or health worker of tuberculosis?;;1230
hiv_aids;true_to_y(id3A110 == 'yes');Was there any diagnosis of HIV/AIDS;Was there any diagnosis by a physician or health worker of HIV/AIDS?;;1240
hypert;true_to_y(id3A150 == 'yes');Was there any diagnosis of High Blood pressure;Was there any diagnosis by a physician or health worker of high blood pressure?;;1250
diabetes;true_to_y(id3A170 == 'yes');Was there any diagnosis of Diabetes;Was there any diagnosis by a physician or health worker of diabetes?;;1260
asthma;true_to_y(id3A180 == 'yes');Was there any diagnosis of Asthma;Was there any diagnosis by a physician or health worker of asthma?;;1270
epilepsy;true_to_y(id3A190 == 'yes');Was there any diagnosis of Epilepsy;Was there any diagnosis by a physician or health worker of epilepsy?;;1280
cancer;true_to_y(id3A200 == 'yes');Was there any diagnosis of Cancer;Was there any diagnosis by a physician or health worker of cancer?;;1290
copd;true_to_y(id3A210 == 'yes');Was there any diagnosis of Chronic Obstructive Pumonary Disease (COPD);Was there any diagnosis by a physician or health worker of Chronic Obstructive Pulmonary Disease (COPD)?;;1300
dement;true_to_y(id3A220 == 'yes');Was there any diagnosis of Dementia;Was there any diagnosis by a physician or health worker of dementia?;;1310
depress;true_to_y(id3A230 == 'yes');Was there any diagnosis of Depression;Was there any diagnosis by a physician or health worker of depression?;;1320
stroke;true_to_y(id3A240 == 'yes'); Was there any diagnosis of Stroke;Was there any diagnosis by a physician or health worker of stroke?;;1330
sickle;true_to_y(id3A250 == 'yes');Was there any diagnosis of Sickle cell disease;Was there any diagnosis by a physician or health worker of sickle cell disease?;;1340
kidney_dis;true_to_y(id3A260 == 'yes');Was there any diagnosis of Kidney disease;Was there any diagnosis by a physician or health worker of kidney disease?;;1350
liver_dis;true_to_y(id3A270 == 'yes');Was there any diagnosis of Liver disease;Was there any diagnosis by a physician or health worker of liver disease?;;1360
measles;true_to_y(id3A140 == 'yes');Was there any diagnosis of Measles;Was there any diagnosis by a physician or health worker of measles?;;1370
men_con;true_to_y(id3B420 == 'yes');Did (s)he have mental confusion?;Did (s)he have mental confusion?;;1380
mencon3;true_to_y(id3B420 == 'yes' && id3B430 >= 3*30);Did (s)he have mental confusion for 3 months or more?;For how many months did (s)he have mental confusion?;;1390
malaria;true_to_y(id3A120 == 'yes');Did (s)he have a recent positive test for malaria?;Did (s)he have a recent positive test by a physician or health worker for malaria?;This reflects a positive test for malaria within a week of death.;1400
malarneg;true_to_y(id3A130 == 'yes');Did (s)he have a recent negative test for malaria?;Did (s)he have a recent negative test by a physician or health worker for malaria?;This reflects a negative test for malaria within a week of death.;1410
fever;true_to_y(id3B100 == 'yes');Did (s)he have a fever?;Did (s)he have a fever?;Select this if there were any signs of fever during the final illness;2000
ac_fever;true_to_y(id3B100 == 'yes' && id3B110 < 14);Did (s)he have fever for less than 2 weeks before death?;How many days did the fever last?;;2010
ch_fever;true_to_y(id3B100 == 'yes' && id3B110 >= 14);Did (s)he have fever for 2 weeks or more before death?;How many days did the fever last?;;2020
night_sw;true_to_y(id3B120 == 'yes');Did (s)he have night sweats?;Did (s)he have night sweats?;;2030
cough;true_to_y(id3B130 == 'yes');Did (s)he have a cough?;Did (s)he have a cough?;;2040
ac_cough;true_to_y(id3B130 == 'yes' && id3B140 < 21);Did (s)he have a cough for less than 3 weeks before death?;For how many days did (s)he have a cough?;;2050
ch_cough;true_to_y(id3B130 == 'yes' && id3B140 >= 21);Did (s)he have a cough for 3 weeks or more before death?;For how many days did (s)he have a cough?;;2060
pr_cough;true_to_y(id3B150 == 'yes');Was the cough productive with sputum?;Was the cough productive, with sputum?;;2070
bl_cough;true_to_y(id3B160 == 'yes');Did (s)he cough up blood?;Did (s)he cough up blood?;;2080
whoop;true_to_y(id3B170 == 'yes');Did (s)he make a whooping sound when coughing?;Did (s)he make a whooping sound when coughing?;;2090
breath;true_to_y(id3B180 == 'yes');Did (s)he have any breathing problem?;Did (s)he have any breathing problem?;;2100
rapid_br;true_to_y(id3B190 == 'yes');Did (s)he have fast breathing?;During the illness that led to death, did (s)he have fast breathing?;"If the ""any breathing problem"" indicator is selected, select this one if the deceased was an infant or child who was breathing much faster than normal.";2110
ac_rpbr;true_to_y(id3B190 == 'yes' && id3B200 < 14);Did (s)he have fast breathing for less than 2 weeks?;For how many days did the fast breathing last?;;2120
ch_rpbr;true_to_y(id3B190 == 'yes'&& id3B200 >= 14);Did (s)he have fast breathing for 2 weeks or more?;For how many days did the fast breathing last?;;2130
br_less;true_to_y(id3B210 == 'yes');Did (s)he have breathlessness?;Did (s)he have breathlessness?;;2140
ac_brl;true_to_y(id3B210 == 'yes' && id3B220 < 2);Did (s)he have breathlessness for less than 2 weeks?;For how many weeks did (s)he have breathlessness?;;2150
ch_brl;true_to_y(id3B210 == 'yes' &&id3B220 >= 2);Did (s)he have breathlessness for 2 weeks or more?;For how many weeks did (s)he have breathlessness?;;2160
exert_br;true_to_y(id3B180 == 'yes' && id3B230 == 'yes');Was (s)he unable to carry out daily routines due to breathlessness?;Was (s)he unable to carry out daily routines due to breathlessness?;;2170
lying_br;true_to_y(id3B180 == 'yes' && id3B240 == 'yes');Was (s)he breathless while lying flat?;Was (s)he breathless while lying flat?;;2180
chest_in;true_to_y(id3B250 == 'yes');Did you see the lower chest wall/ribs being pulled in as the child breathed?;Did you see the lower chest wall/ribs being pulled in as the child breathed?;;2190
wheeze;true_to_y((id3B180 == 'yes' && id3B260 == 'stridor') || (id3B180 == 'yes' && id3B260 == 'grunting') || (id3B180 == 'yes' && id3B260 == 'wheezing'));Did (s)he have noisy breathing (grunting or wheezing)?;During the illness that led to death did his/her breathing sound like any of the following:;;2200
ch_pain;true_to_y(id3B270 == 'yes');Did (s)he have severe chest pain?;Did (s)he have severe chest pain?;;2210
yellow;true_to_y(id3B750 == 'yes');Did (s)he have yellow discoloration of the eyes?;Did (s)he have yellow discoloration of the eyes?;;2220
diarr;true_to_y(id3B280 == 'yes');Did (s)he have diarrhoea?;Did (s)he have diarrhoea?;;2230
ac_diarr;true_to_y(id3B280 == 'yes' && id3B290 < 14);Did (s)he have diarrhoea for less than 2 weeks?;For how many days did (s)he have diarrhoea?;;2240
pe_diarr;true_to_y(id3B280 == 'yes' && id3B290 >= 14 && id3B290 < 4*7);Did (s)he have diarrhoea for 2 to 4 weeks?;For how many days did (s)he have diarrhoea?;Select this if the diarrhoea lasted for 2 to 4 weeks, not necessarily every day;2250
ch_diarr;true_to_y(id3B280 == 'yes' && id3B290 >= 4*7);Did (s)he have diarrhoea for 4 weeks or more?;For how many days did (s)he have diarrhoea?;;2260
bl_diarr;true_to_y(id3B280 == 'yes' && id3B300 == 'yes');At any time during the final illness was there blood in the stools?;At any time during the final illness was there blood in the stools?;;2270
vomiting;true_to_y(id3B310 == 'yes');Did (s)he vomit?;Did (s)he vomit?;;2280
bl_vomit;true_to_y(id3B310 == 'yes' && (id3B320 == 'yes' || id3B325 == 'yes'));"Did (s)he vomit ""coffee grounds"" or bright red/blood?";Did (s)he vomit blood?;;2290
abdom;true_to_y(id3B330 == 'yes');Did (s)he have any abdominal problem?;Did (s)he have any abdominal problem?;;2300
abd_pain;true_to_y(id3B330 == 'yes' && id3B340 == 'yes');Did (s)he have severe abdominal pain?;Did (s)he have severe abdominal pain?;;2310
ac_abdp;true_to_y(id3B340 == 'yes' && id3B350 >= 0 && id3B350 < 14);Did the abdominal pain last for less than 2 weeks?;For how many days before death did (s)he have severe abdominal pain?;;2320
ch_abdp;true_to_y(id3B340== 'yes' && id3B350 >= 14);Did the abdominal pain last for 2 weeks or more?;For how many days before death did (s)he have severe abdominal pain?;;2330
swe_abd;true_to_y(id3B360 == 'yes');Did (s)he have a more than usually protruding abdomen?;Did (s)he have a more than usually protruding abdomen?;;2340
ac_swab;true_to_y(id3B370 >= 0 && id3B370 < 14);Did (s)he have a more than usually protruding abdomen for less than 2 weeks?;For how many days did (s)he have a more than usually protruding abdomen?;;2350
ch_swab;true_to_y(id3B370 >= 14);Did (s)he have a more than usually protruding abdomen for 2 weeks or more?;For how many days did (s)he have a more than usually protruding abdomen?;;2360
abd_mass;true_to_y(id3B330 == 'yes' && id3B380 == 'yes');Did (s)he have any lump inside the abdomen?;Did (s)he have any mass in the abdomen?;;2370
ac_abdm;true_to_y(id3B380 == 'yes' && id3B390 >= 0 && id3B390 < 14);Did (s)he have a lump inside the abdomen for less than 2 weeks?;For how many days before death did (s)he have a mass in the abdomen?;;2380
ch_abdm;true_to_y(id3B380 == 'yes' && id3B390 >= 14);Did (s)he have a lump inside the abdomen for 2 weeks or more?;For how many days before death did (s)he have a mass in the abdomen?;;2390
headache;true_to_y(id3B400 == 'yes');Did (s)he have a severe headache?;Did (s)he have a severe headache?;;2400
skin;true_to_y(id3B530 == 'yes');Did (s)he have any skin problems?;Did (s)he have any skin problems?;;2410
skin_les;true_to_y(id3B530 == 'yes' && id3B540 == 'yes');Did (s)he have any ulcers, abscess or sores anywhere except on the feet?;Did (s)he have any ulcers, abscess or sores anywhere except on the feet?;;2420
sk_feet;true_to_y(id3B530 == 'yes' && id3B542 == 'yes');Did (s)he have any , ulcers, abscess or sores on the feet that were not also on other parts of the body?;Did (s)he have any ulcers, abscess or sores on the feet that were not also on other parts of the body?;;2430
rash;true_to_y(id3B530 == 'yes' && id3B560 == 'yes');During the illness that led to death, did (s)he have any skin rash?;During the illness that led to death, did (s)he have any skin rash?;;2440
ac_rash;true_to_y(id3B560 == 'yes' && id3B570 >= 0 && id3B570 < 7);Did (s)he have the skin rash for less than 1 week?;For how many days did (s)he have the skin rash?;;2450
ch_rash;true_to_y(id3B560 == 'yes' && id3B570 >= 7);Did (s)he have the skin rash for 1 week or more?;For how many days did (s)he have the skin rash?;;2460
measrash;true_to_y(id3B530 == 'yes' && id3B580 == 'yes');Did (s)he have measles rash?;Did (s)he have measles rash (use local term)?;;2470
herpes;true_to_y(id3B530 == 'yes' && id3B590 == 'yes');Did (s)he ever have shingles or herpes zoster?;Did (s)he ever have shingles or herpes zoster?;;2480
stiff_neck;true_to_y(id3B405 == 'yes' || id3B409 == 'yes');Did (s)he have a stiff or painful neck?;Did (s)he have a stiff neck during illness that led to death?;;2490
ac_stnk;true_to_y((id3B405 == 'yes' || id3B409 == 'yes') && ((id3B407 >= 0 && id3B407 < 7) || (id3B410 >= 0 && id3B410 < 7)));Did (s)he have a stiff or painful neck for less than 1 week?;For how many days before death did (s)he have stiff neck?;;2500
ch_stnk;true_to_y((id3B405 == 'yes' || id3B409 == 'yes') && (id3B407 >= 7 || id3B410 >= 7));Did (s)he have a stiff or painful neck for 1 week or more?;For how many days before death did (s)he have stiff neck?;;2510
coma;true_to_y(id3B440 == 'yes');Was (s)he unconscious for more than 24 hours before death?;Was (s)he unconscious for more than 24 hours before death?;;2520
co_ons;true_to_y(id3B440 == 'yes' && id3B450 == 'yes');Did the unconsciousness start suddenly (at least within a single day)?;Did the unconsciousness start suddenly, quickly (at least within a single day)?;;2530
convul;true_to_y(id3B460 == 'yes');Did (s)he have convulsions?;Did (s)he have convulsions?;;2540
ac_conv;true_to_y(id3B460 == 'yes' && id3B470 >= 0 && id3B470 < 10);Did the convulsions last for less than 10 minutes;For how many minutes did the convulsions last?;;2550
ch_conv;true_to_y(id3B460 == 'yes' && id3B470 >= 10);Did the convulsions last for 10 minutes or more?;For how many minutes did the convulsions last?;;2560
unc_con;true_to_y(id3B460 == 'yes' && id3B480 == 'yes');Did (s)he become unconscious immediately after the convulsion?;Did (s)he become unconscious immediately after the convulsion?;;2570
urine;true_to_y(id3B490 == 'yes');Did (s)he have any urine problems?;Did (s)he have any urine problems?;;2580
uri_ret;true_to_y(id3B490 == 'yes' && id3B500 == 'yes');Did (s)he pass no urine at all?;Did (s)he pass no urine at all?;;2590
exc_urine;true_to_y(id3B490 == 'yes' && id3B510 == 'yes');Did (s)he go to urinate more often than usual?;Did (s)he go to urinate more often than usual?;;2600
uri_haem;true_to_y(id3B490 == 'yes' && id3B520 == 'yes');During the final illness did (s)he ever pass blood in the urine?;During the final illness did (s)he ever pass blood in the urine?;;2610
wt_loss;true_to_y(id3B610 == 'yes');Did (s)he have noticeable weight loss?;Did (s)he have noticeable weight loss?;;2620
wasting;true_to_y(id3B610 == 'yes' && id3B620 == 'yes');Was (s)he severely thin or wasted?;Was (s)he severely thin or wasted?;;2630
or_cand;true_to_y(id3B630 == 'yes');Did (s)he have mouth sores or white patches in the mouth or on the tongue?;During the illness that led to death, did s/he have a whitish rash inside the mouth or on the tongue?;;2640
rigidity;true_to_y(id3B640 == 'yes');Did (s)he have stiffness of the whole body or was unable to open the mouth?;Did (s)he have stiffness of the whole body or was unable to open the mouth?;;2650
swell;true_to_y(id3B670 == 'yes');Did (s)he have any lumps?;Did (s)he have any lumps?;;2660
swe_oral;true_to_y(id3B670 == 'yes' && id3B680 == 'yes');Did (s)he have any lumps or lesions in the mouth?;Did (s)he have any lumps or lesions in the mouth?;;2670
swe_neck;true_to_y(id3B670 == 'yes' && id3B690 == 'yes');Did (s)he have any lumps on the neck?;Did (s)he have any lumps on the neck?;;2680
swe_armp;true_to_y(id3B670 == 'yes' && id3B700 == 'yes');Did (s)he have any lumps on the armpit?;Did (s)he have any lumps on the armpit?;;2690
swe_breast;true_to_y(id3B670 == 'yes' && id3B720 == 'yes');Did she have an ulcer or swelling in the breast?;Did she have any swelling or lump in the breast?;;2700
swe_gen;true_to_y(id3B670 == 'yes' && id3B710 == 'yes');Did (s)he have any lumps on the groin?;Did (s)he have any lumps on the groin?;;2710
swe_oth;true_to_y(id3B650 == 'yes');Did (s)he have swelling (puffiness) of the face?;Did (s)he have puffiness of the face?;;2720
swe_legs;true_to_y(id3B660 == 'yes');Did (s)he have both feet swollen?;Did (s)he have both feet swollen?;;2730
anaemia;true_to_y(id3B770 == 'yes');Did (s)he look pale (thinning/lack of blood) or have pale palms, eyes or nail beds?;Did (s)he look pale (thinning/lack of blood) or have pale palms, eyes or nail beds?;;2740
exc_drink;true_to_y(id3B790 == 'yes');Did (s)he drink a lot more water than usual?;Did (s)he drink a lot more water than usual?;;2750
hair;true_to_y(id3B760 == 'yes');Did her/his hair colour change to reddish or yellowish?;Did her/his hair change in color to a reddish or yellowish color?;;2760
paral_one;true_to_y(id3B730 == 'yes');Did (s)he have paralysis of one side of the body?;Did s(he have paralysis of only one side of the body?;;2770
eye_sunk;true_to_y(id3B780 == 'yes');Did (s)he have sunken eyes?;Did (s)he have sunken eyes?;;2780
bl_orif;true_to_y(id3B600 == 'yes');Did (s)he bleed from the nose, mouth or anus?;Did (s)he bleed from the nose, mouth or anus?;;2790
vb_bet;true_to_y(id3B800 == 'yes');Did she have excessive vaginal bleeding in between menstrual periods?;Did she have excessive vaginal bleeding in between menstrual periods?;;2800
vb_men;true_to_y(id3B810 == 'yes');Did her vaginal bleeding stopped naturally during menopause?;Did her menstrual period stop naturally because of menopause?;;2810
vb_after;true_to_y(id3B820 == 'yes');Did she had vaginal bleeding after menopause?;Did she have vaginal bleeding after cessation of menstruation?;;2820
diff_sw;true_to_y(id3B740 == 'yes');Did (s)he have difficulty or pain while swallowing liquids?;Was the difficulty with swallowing with solids, liquids, or both?;;2830
not_preg;true_to_y((id3C110 == 'no' && id3C120 == 'yes') || id3C135 == 'yes');Was she neither pregnant, nor delivered, within 6 weeks of her death?;Was she pregnant at the time of death?;;3000
pregnant;true_to_y(id3C110 == 'yes');Was she pregnant at the time of death?;Was she pregnant at the time of death?;;3010
del_6wks;true_to_y(id3C120 == 'yes');Did she die within 6 weeks of giving birth?;Did she die within 6 weeks of delivery, abortion or miscarriage?;;3020
pend_6w;true_to_y(id3C120 == 'yes' && id3C125 >= 0 && id3C125 < 6);Did she die 6 weeks within a pregnancy that lasted less than 6 months?;Did she die within 6 weeks of delivery, abortion or miscarriage?;;3030
first_p;true_to_y(id3C230 == 0);Was this the woman's first pregnancy?;How many births, including stillbirths, did she/the mother have before this baby?;;3040
more4;true_to_y(id3C230 >= 4);Did she have four or more births, including stillbirths, before this pregnancy?;How many births, including stillbirths, did she/the mother have before this baby?;;3050
cs_prev;true_to_y(id3C240 == 'yes');Did she have any previous Caesarean section?;Had she had any previous Caesarean section?;;3060
multip;true_to_y(id3C215 == 'yes');Did she die during or after a multiple pregnancy?;Did she die during or after a multiple pregnancy?;WHO ID changed;3070
lab_24;true_to_y(id3C370 >= 24);Was she in labour for unusually long (more than 24 hours)?;For how many hours was she in labour?;;3080
died_lab;true_to_y(id3C210 == 'yes');Did she die during labour, but undelivered?;Did she die during labour, and before delivery?;;3090
death_24;true_to_y(id3C200 == 'yes');Did she die within 24 hours after delivery;Did she die within 24 hours after delivery?;;3100
baby_al;true_to_y(id3C213 == 'yes');Did she give birth to a live, healthy baby within 6 weeks of death?;Did she give birth to a live baby (within 6 weeks of her death)?;WHO ID changed;3110
breast_fd;true_to_y(id3C220 == 'yes');Was she breastfeeding at death?;Was she breastfeeding the child in the days before death?;;3120
del_fac;true_to_y(id3C400 == 'hospital' || id3C400 == 'other_health_facility');Did she give birth in a health facility?;Where did she give birth?;;3130
del_home;true_to_y(id3C400 == 'home');Did she give birth at home?;Where did she give birth?;;3140
del_else;true_to_y(id3C400 == 'on_route_to_hospital_or_facility' || id3C400 == 'other');Did she give birth elsewhere, e.g. on the way to a facility?;Where did she give birth?;;3150
prof_ass;true_to_y(id3C430 == 'yes');Did she receive professional assistance during the delivery?;Did she receive professional assistance during the delivery?;;3160
del_norm;true_to_y(id3C450 == 'yes');Did she have a normal vaginal delivery?;Was the delivery normal vaginal, without forceps or vacuum?;;3170
del_ass;true_to_y(id3C460 == 'yes');Did she have an assisted delivery, with forceps/vacuum?;Was the delivery vaginal, with forceps or vacuum?;;3180
del_cs;true_to_y(id3C470 == 'yes');Did she deliver by Caesarean section?;Was the delivery a Caesarean section?;;3190
baby_pos;true_to_y(id3C365 == 'yes');Did she deliver or try to deliver an abnormally positioned baby?;Did she deliver or try to deliver an abnormally positioned baby?;;3200
mon_early;true_to_y(id3C480 == 'yes');Was the baby born more than one month early?;Was the baby born more than one month early?;;3205
hyster;true_to_y(id3C480 == 'yes');Did she have an operation to remove her uterus shortly before death?;Did she have an operation to remove her uterus shortly before death?;;3210
bpr_preg;true_to_y(id3C260 == 'yes');During pregnancy, did she suffer from high blood pressure?;During pregnancy, did she suffer from high blood pressure?;;3220
fit_preg;true_to_y(id3C280 == 'yes');During the last 3 months of pregnancy, did she suffer from convulsions?;During the last 3 months of pregnancy, did she suffer from convulsions?;;3230
vis_bl;true_to_y(id3C290 == 'yes');During the last 3 months of pregnancy did she suffer from blurred vision?;During the last 3 months of pregnancy did she suffer from blurred vision?;;3240
bleed;true_to_y(id3C310 == 'yes');Was there excessive vaginal bleeding during pregnancy or after delivery?;Did she have excessive bleeding during pregnancy before labour started?;;3250
e_bleed;true_to_y(id3C320 == 'yes');Was there vaginal bleeding during the first 6 months of pregnancy?;Was there vaginal bleeding during the first 6 months of pregnancy?;;3260
s_bleed;true_to_y(id3C330 == 'yes');Was there vaginal bleeding during the last 3 months of pregnancy but before labour started?;Was there vaginal bleeding during the last 3 months of pregnancy but before labour started?;;3270
d_bleed;true_to_y(id3C340 == 'yes');Was there excessive vaginal bleeding during labour?;Did she have excessive bleeding during labour or delivery?;;3280
p_bleed;true_to_y(id3C350 == 'yes');Was there excessive vaginal bleeding after delivering the baby?;Did she have excessive bleeding after delivery or abortion?;;3290
placent_r;true_to_y(id3C360 == 'yes');Was the placenta not completely delivered?;Was the placenta completely delivered?;;3300
disch_sm;true_to_y(id3C270 == 'yes');Did she have foul smelling vaginal discharge during pregnancy or after delivery?;Did she have foul smelling vaginal discharge during pregnancy or after delivery?;;3310
term_att;true_to_y(id3C380 == 'yes');Did she attempt to terminate the pregnancy?;Did she attempt to terminate the pregnancy?;;3330
abort;true_to_y(id3C390 == 'yes');Did she recently have a pregnancy that ended in an abortion (spontaneous or induced)?;Did she recently have a pregnancy that ended in an abortion (spontaneous or induced)?;;3340
born_early;true_to_y(id3D210 >= 0 && id3D210 < 9);Had the pregnancy lasted less than 34 weeks when the baby was born?;How many months long was the pregnancy before the child was born?;Not accurate since WHO asks for month and InterVA wants Weeks;4000
born_3437;true_to_y(id3D210 == 9);Had the pregnancy lasted between 34 and 37 weeks when the baby was born?;How many months long was the pregnancy before the child was born?;Not accurate since WHO asks for month and InterVA wants Weeks;4010
born_38;true_to_y(id3D210 > 9);Had the pregnancy lasted more than 37 weeks when the baby was born?;How many months long was the pregnancy before the child was born?;Not accurate since WHO asks for month and InterVA wants Weeks;4020
ab_size;true_to_y(id3D180 == 'no');Was the baby of abnormal size?;At birth, was the baby of usual size?;;4030
born_small;true_to_y(id3D190 == 'yes');Was the baby smaller than normal, weighing under 2.5 kg?;At birth, was the baby smaller than usual, (weighing under 2.5 kg)?;;4040
born_big;true_to_y(id3D200 == 'yes');Was the baby larger than normal, weighing over 4.5 kg?;At birth, was the baby larger than usual, (weighing over 4.5 kg)?;;4060
twin;true_to_y(id3D100 == 'yes');Was the child part of a multiple birth?;Was the child part of a multiple  birth?;;4070
comdel;true_to_y(1==2);Was the child born in a complicated delivery?;;Mapping uncertain;4080
cord;true_to_y(id3D278 == 'yes');Was the umbilical cord wrapped several times (more than once) around the neck of the child at birth?;Was the umbilical cord wrapped more than once around the neck of the child at birth?;WHO ID changed;4090
waters;true_to_y(id3D253 == 'yes');Was the baby born 24 hours or more after the water broke?;Was the baby born 24 hours or more after the water broke?;WHO ID changed;4100
move_lb;true_to_y(id3D251 == 'yes');Did the baby stop moving in the womb before labour started?;Did the baby stop moving in the womb before labour started?;WHO ID changed;4110
cyanosis;true_to_y(id3D280 == 'yes');Was the baby blue in colour at birth?;Was the baby blue in colour at birth?;;4120
baby_br;true_to_y(id3D300 == 'yes');Did the baby breathe after birth, even a little?;Did the baby breathe immediately after birth, even a little?;;4130
born_nobr;true_to_y(id3D310 == 'yes');Was the baby given assistance to breathe at birth?;Was the baby given assistance to breathe at birth?;;4140
cried;true_to_y(id3D290 == 'yes');Did the baby cry after birth, even if only a little bit?;Did the baby cry immediately after birth, even if only a little bit?;;4150
no_life;true_to_y(id3D320 == 'yes');If the baby did not cry or breathe, was it born dead?;If the baby didn't show any sign of life, was it born dead?;;4160
mushy;true_to_y(id3D330 == 'yes');Was the baby born macerated, that is, showed signs of decay?;Was the dead baby macerated, that is, showed signs of decay?;;4170
fed_d1;true_to_y(id3D340 == 'yes');Was the baby able to suckle or bottle?feed within first 24 hours after birth?;Was the baby able to suckle or bottle-feed within the first 24 hours after birth?;;4180
st_suck;true_to_y(id3D345 == 'yes' && id3D350 >= 3);Did the baby stop suckling of bottle feeding 3 days after birth?;Did the baby stop suckling?;;4190
ab_posit;true_to_y(id3D277 == 'yes');Did the baby's bottom, feet, arm or hand come into the vagina before its head?;Did the baby's bottom, feet, arm or hand come out of the vagina before its head?;WHO ID changed;4200
conv_d1;true_to_y(id3D360 == 'yes');Did the baby have convulsions starting within the first day of life?;Did the baby have convulsions starting within the first 24 hours of life?;;4210
conv_d2;true_to_y(id3D370 == 'yes');Did the baby have convulsions starting on the second day or later after birth?;Did the baby have convulsions starting more than 24 hours after birth?;;4220
arch_b;true_to_y(id3D380 == 'yes');Did the baby's body become stiff, with the back arched backwards?;Did the baby's body become stiff, with the back arched backwards?;;4230
font_hi;true_to_y(id3D390 == 'yes');Did the child have a bulging or raised fontanelle?;During the illness that led to death, did the baby have a bulging or raised fontanelle?;;4240
font_lo;true_to_y(id3D400 == 'yes');Did the child have a sunken fontanelle?;During the illness that led to death, did the baby have a sunken fontanelle?;;4250
unw_d1;true_to_y(id3D410 == 'yes');Did the baby become unresponsive or unconscious soon after birth (within less than 24 hours)?;Did the baby become unresponsive or unconscious soon after birth, within less than 24 hours?;;4260
unw_d2;true_to_y(id3D420 == 'yes');Did the baby become unresponsive or unconscious more than 1 day after birth?;Did the baby become unresponsive or unconscious more than 24 hours after birth?;;4270
cold;true_to_y(id3D430 == 'yes');Did the baby become cold to the touch before it died?;During the illness that led to death, did the baby become cold to touch?;;4280
umbinf;true_to_y(id3D440 == 'yes');Did the baby have redness or discharge from the umbilical cord stump?;Did the baby have redness or discharge from the umbilical cord stump?;;4290
b_yellow;true_to_y(id3D450 == 'yes');Did the baby have yellow palms or soles?;During the illness that led to death, did the baby have yellow skin, palms (hand) or soles (foot)?;;4300
devel;true_to_y(id3D600 == 'yes');Was the baby/the child not growing normally?;Before the illness that led to death, was the baby/the child growing normally?;WHO ID changed;4310
born_malf;true_to_y(id3D230 == 'yes');Did the baby/the child have any malformation?;Was any part of the baby physically abnormal at time of delivery? (for example: body part too large or too small, additional growth on body)?;;4320
mlf_bk;true_to_y(id3D240 == 'yes');Did the baby/the child have a swelling/defect on the back?;Did the baby/ child have a swelling or defect on the back?;;4330
mlf_lh;true_to_y(id3D241 == 'yes');Did the baby/the child have a very large head?;Did the baby/ child have a very large head?;WHO ID changed;4340
mlf_sh;true_to_y(id3D242 == 'yes');Did the baby/the child have a very small head?;Did the baby/ child have a very small head?;WHO ID changed;4350
mttv;true_to_y(id3D265 == 'yes');Did the mother receive tetanus toxoid (TT) vaccine?;Did the mother receive tetanus toxoid (TT) vaccine?;WHO ID changed;4360
b_norm;true_to_y(id3D258 == 'yes');Was baby born in a normal vaginal delivery?;Was the delivery normal vaginal, without forceps or vacuum?;WHO ID changed;4370
b_assist;true_to_y(id3D259 == 'yes');Was baby born with forceps/vacuum?;Was the delivery vaginal, with forceps or vacuum?;WHO ID changed;4380
b_caes;true_to_y(id3D260 == 'yes');Was baby delivered by Caesarean section?;Was the delivery a Caesarean section?;WHO ID changed;4390
b_first;true_to_y(1 == 2);Was this baby born from the mother's first pregnancy?;;Mapping unclear;4400
b_more4;true_to_y(id3D267 >= 4);Did the baby's mother have four or more births, including stillbirths, before this pregnancy?;How many births, including stillbirths, did the baby's mother have before this baby?;Mapping unclear;4410
b_mbpr;true_to_y(id3D269 == 'yes');During pregnancy, did the baby's mother suffer from high blood pressure?;During the last 3 months of pregnancy, labour or delivery, did the baby's mother suffer from high blood pressure?;Mapping unclear;4440
b_msmds;true_to_y(id3D271 == 'yes');Did the baby's mother have foul smelling vaginal discharge during pregnancy or after delivery?;Did the baby's mother have foul smelling vaginal discharge during pregnancy or after delivery?;WHO ID changed;4450
b_mcon;true_to_y(id3D273 == 'yes');During the last 3 months of pregnancy, did the baby's mother suffer from convulsions?;During the last 3 months of pregnancy, labour or delivery, did the baby's mother suffer from convulsions?;WHO ID changed;4460
b_mbvi;true_to_y(id3D275 == 'yes');During the last 3 months of pregnancy did the baby's mother suffer from blurred vision?;During the last 3 months of pregnancy did the baby's mother suffer from blurred vision?;WHO ID changed;4470
b_mvbl;true_to_y(id3D276 == 'yes');Did the baby's mother have vaginal bleeding during the last 3 months of pregnancy but before labour started?;Did the baby's mother have vaginal bleeding during the last 3 months of pregnancy but before labour started?;WHO ID changed;4480
b_bfac;true_to_y(id3D155 == 'hospital' || id3D155 == 'other_health_facility');Was the child born in a health facility?;Where was the deceased born?;WHO ID changed;4490
b_bhome;true_to_y(id3D155 == 'home');Was the child born at home?;Where was the deceased born?;;4500
b_bway;true_to_y(id3D155 == 'on_route_to_hospital_or_facility' || id3D155 ==  'other');Was the child born somewhere else, e.g. on the way to a facility?;Where was the deceased born?;WHO ID changed;4510
b_bprof;true_to_y(id3D165 == 'yes');Did the mother receive professional assistance during the delivery?;Did the mother receive professional assistance during the delivery?;WHO ID changed;4520
injury;true_to_y(id3E100 == 'yes');Did (s)he suffer from any injury or accident that led to her/his death?;Did (s)he suffer from any injury or accident that led to her/his death?;;5000
traffic;true_to_y(id3E115 == 'yes');Was it a road traffic accident?;Was it a road traffic accident?;WHO ID changed;5010
o_trans;true_to_y(1 == 2);Was (s)he Injured in a non?road transport accident?;;Mapping unclear;5020
fall;true_to_y(id3E100 == 'yes' && id3E310 == 'yes');Was (s)he Injured in a fall?;Was (s)he injured in a fall?;;5030
drown;true_to_y(id3E100 == 'yes' && id3E320 == 'yes');Did (s)he die of drowning?;Did (s)he die of drowning?;;5040
fire;true_to_y(id3E100 == 'yes' && id3E112 == 'yes');Did (s)he suffer from burns?;Did (s)he suffer from accidental burns?;;5050
assault;true_to_y(id3E100 == 'yes' && id3E520 == 'yes');Was (s)he subject to violence/assault?;Was (s)he subject to violence/assault?;;5060
venom;true_to_y(id3E100 == 'yes' && id3E340 == 'yes');Did (s)he suffer from any plant/animal/insect bite or sting that led to her/his death?;Was (s)he accidentally injured by a plant/animal/insect that led to her/his death?;;5070
force;true_to_y(id3E100 == 'yes' && id3E500 == 'yes');Was (s)he injured by a force of nature;Was (s)he injured by a force of nature?;;5080
poison;true_to_y(id3E100 == 'yes' && id3E510 == 'yes');Was there any poisoning?;Was there any poisoning?;;5090
inflict;true_to_y(id3E102 == 'yes');Was the injury intentionally inflicted by someone else?;Was the injury intentionally inflicted by someone else?;WHO ID changed;5100
suicide;true_to_y(id3E100 == 'yes' && id3E113 == 'yes');Do you think (s)he committed suicide?;Do you think (s)he committed suicide?;WHO ID changed;5110
alcohol;true_to_y(id3F100 == 'yes');Did (s)he drink alcohol?;Did (s)he drink alcohol?;;6000
smoking;true_to_y(id3F110 == 'yes');Did (s)he smoke tobacco (cigarette, cigar, pipe, etc.)?;Did (s)he smoke tobacco (cigarette, cigar, pipe, etc.)?;;6010
married;true_to_y(id1A600 == 'married');Was she married at the time of death?;What was her/his marital status?;;6020
vaccin;true_to_y(1 == 2);Was (s)he adequately vaccinated?;Did you/the mother receive any vaccinations since reaching adulthood including during this pregnancy?||  id3H120: Can I see the vaccination card (note the vaccines the child received)?;Mapping unclear;6030
treat;true_to_y(id3G110 == 'yes');Did (s)he receive any treatment for the illness that led to death?;Did (s)he receive any treatment for the illness that led to death?;;6040
t_ort;true_to_y(id3G110 == 'yes' && id3G120 == 'yes');Did (s)he receive oral rehydration salts?;Did (s)he receive oral rehydration salts?;;6050
t_iv;true_to_y(id3G110 == 'yes' && id3G130 == 'yes');Did (s)he receive (or need) intravenous fluids (drip) treatment?;Did (s)he receive (or need) intravenous fluids (drip) treatment?;;6060
blood_tr;true_to_y(id3G140 == 'yes');Did (s)he receive (or need) a blood transfusion?;Did (s)he receive (or need) a blood transfusion?;;6070
t_ngt;true_to_y(id3G110 == 'yes' && id3G150 == 'yes');Did (s)he receive (or need) treatment/food through a tube passed through the nose?;Did (s)he receive (or need) treatment/food through a tube passed through the nose?;;6080
antib_i;true_to_y(id3G160 == 'yes');Did (s)he receive (or need) injectable antibiotics?;Did (s)he receive (or need) injectable antibiotics?;;6090
surgery;true_to_y(id3G110 == 'yes' && id3G170 == 'yes');Did (s)he have (or need) an operation for the illness?;Did (s)he have (or need) an operation for the illness?;;6100
sur_1m;true_to_y(id3G180 == 'yes');Did (s)he have the operation within 1 month before death?;Did (s)he have the operation within 1 month before death?;;6110
disch;true_to_y(id3G190 == 'yes');Was (s)he discharged from hospital very ill?;Was (s)he discharged from hospital very ill?;;6120
shospf;true_to_y(id4A100 == 'yes');In the final days before death, did (s)he travel to a hospital or health facility?;In the final days before death, did s/he travel to a hospital or health facility?;;7000
strans;true_to_y(id4A110 == 'yes');Did (s)he use motorised transport to get to the hospital or health facility?;Did (s)he use motorised transport to get to the hospital or health facility?;;7010
sadmit;true_to_y(id4A120 == 'yes');Were there any problems during admission to the hospital or health facility?;Were there any problems during admission to the hospital or health facility?;;7020
streat;true_to_y(id4A130 == 'yes');Were there any problems with the way (s)he was treated (medical treatment, procedures, inter?personal attitudes, respect, dignity) in the hospital or health facility?;Were there any problems with the way (s)he was treated (medical treatment, procedures, interpersonal attitudes, respect, dignity) in the hospital or health facility?;;7030
smedic;true_to_y(id4A140 == 'yes');Were there any problems getting medications, or diagnostic tests in the hospital or health facility?;Were there any problems getting medications, or diagnostic tests in the hospital or health facility?;;7040
smore2;true_to_y(id4A150 == 'yes');Does it take more than 2 hours to get to the nearest hospital or health facility from the deceased's household?;Does it take more than 2 hours to get to the nearest hospital or health facility from the deceased's household?;;7050
sdoubt;true_to_y(id4A160 == 'yes');In the final days before death, were there any doubts about whether medical care was needed?;In the final days before death, were there any doubts about whether medical care was needed?;;7060
stradm;true_to_y(id4A170 == 'yes');In the final days before death, was traditional medicine used?;In the final days before death, was traditional medicine used?;;7070
smobph;true_to_y(id4A180 == 'yes');In the final days before death, did anyone use a telephone or cell phone to call for help?;In the final days before death, did anyone use a telephone or cell phone to call for help?;;7080
scosts;true_to_y(id4A190 == 'yes');Over the course of illness, did the total costs of care and treatment prohibit other household payments?;Over the course of illness, did the total costs of care and treatment prohibit other household payments?;;7090
